{"fonts/max.zip":["fonts/max.zip"],"packages/cupertino_icons/assets/CupertinoIcons.ttf":["packages/cupertino_icons/assets/CupertinoIcons.ttf"],"packages/win_ble/assets/BLEServer.exe":["packages/win_ble/assets/BLEServer.exe"],"patterns/pattern1.bmp":["patterns/pattern1.bmp"],"patterns/pattern10.bmp":["patterns/pattern10.bmp"],"patterns/pattern2.bmp":["patterns/pattern2.bmp"],"patterns/pattern3.bmp":["patterns/pattern3.bmp"],"patterns/pattern4.bmp":["patterns/pattern4.bmp"],"patterns/pattern5.bmp":["patterns/pattern5.bmp"],"patterns/pattern6.bmp":["patterns/pattern6.bmp"],"patterns/pattern7.bmp":["patterns/pattern7.bmp"],"patterns/pattern8.bmp":["patterns/pattern8.bmp"],"patterns/pattern9.bmp":["patterns/pattern9.bmp"]}